FG1-1_GTGT,SGM001
FG1-2_GTGT,SGM003
FG1-3_GTGT,SGM004
FG1-4_GTGT,SGM005
FG1-5_GTGT,SGM006
FG1-6_GTGT,SGM008
FG1-7_GTGT,SGM009
FG1-8_GTGT,SGM010
FG1-1_AGAC,SGM011
FG1-2_AGAC,SGM012
FG1-3_AGAC,SGM013
FG1-4_AGAC,SGM014
FG1-5_AGAC,SGM015
FG1-6_AGAC,SGM016
FG1-7_AGAC,SGM017
FG1-8_AGAC,SGM018
FG1-1_ACCA,SGM019
FG1-2_ACCA,SGM020
FG1-3_ACCA,SGM021
FG1-4_ACCA,SGM022
FG1-5_ACCA,SGM023
FG1-6_ACCA,SGM024
FG1-7_ACCA,SGM025
FG1-8_ACCA,SGM027
FG1-1_AGTG,SGM028
FG1-2_AGTG,SGM029
FG1-3_AGTG,SGM030
FG1-4_AGTG,SGM031
FG1-5_AGTG,SGM033
FG1-6_AGTG,SGM034
FG1-7_AGTG,SGM035
FG1-8_AGTG,SGM036
FG1-1_CATC,SGM037
FG1-2_CATC,SGM038
FG1-3_CATC,SGM039
FG1-4_CATC,SGM040
FG1-5_CATC,SGM041
FG1-6_CATC,SGM042
FG1-7_CATC,SGM043
FG1-8_CATC,SGM044
FG1-1_GTGA,SGM045
FG1-2_GTGA,SGM046
FG1-3_GTGA,SGM047
FG1-4_GTGA,SGM048
FG1-5_GTGA,SGM049
FG1-6_GTGA,SGM050
FG1-7_GTGA,SGM051
FG1-8_GTGA,SGM052
FG1-1_TCAG,SGM053
FG1-2_TCAG,SGM054
FG1-3_TCAG,SGM055
FG1-4_TCAG,SGM056
FG1-5_TCAG,SGM057
FG1-6_TCAG,SGM058
FG1-7_TCAG,SGM059
FG1-8_TCAG,SGM060
FG1-1_GCTT,SGM061
FG1-2_GCTT,SGM062
FG1-3_GCTT,SGM063
FG1-4_GCTT,SGM064
FG1-5_GCTT,SGM065
FG1-6_GCTT,SGM066
FG1-7_GCTT,SGM067
FG1-8_GCTT,SGM068
FG1-1_CTAC,SGM069
FG1-2_CTAC,SGM070
FG1-3_CTAC,SGM071
FG1-4_CTAC,SGM072
FG1-5_CTAC,SGM073
FG1-6_CTAC,SGM074
FG1-7_CTAC,SGM075
FG1-8_CTAC,SGM076
FG1-1_TGTC,SGM077
FG1-2_TGTC,SGM078
FG1-3_TGTC,SGM079
FG1-4_TGTC,SGM080
FG1-5_TGTC,SGM081
FG1-6_TGTC,SGM083
FG1-7_TGTC,SGM084
FG1-8_TGTC,SGM085
FG1-1_TCAC,SGM086
FG1-2_TCAC,SGM088
FG1-3_TCAC,SGM089
FG1-4_TCAC,SGM090
FG1-5_TCAC,SGM091
FG1-6_TCAC,SGM092
FG1-7_TCAC,SGM093
FG1-8_TCAC,SGM095
FG1-1_GACT,SGM096
FG1-2_GACT,SGM097
FG1-3_GACT,SGM098
FG1-4_GACT,SGM099
FG1-5_GACT,SGM100
FG1-6_GACT,SGM101
FG1-7_GACT,SGM102
FG1-8_GACT,SGM103
FG2-1_GTGT,SGM104
FG2-2_GTGT,SGM106
FG2-3_GTGT,SGM107
FG2-4_GTGT,SGM108
FG2-5_GTGT,SGM109
FG2-6_GTGT,SGM110
FG2-7_GTGT,SGM114
FG2-8_GTGT,SGM115
FG2-1_AGAC,SGM116
FG2-2_AGAC,SGM118
FG2-3_AGAC,SGM119
FG2-4_AGAC,SGM121
FG2-5_AGAC,SGM122
FG2-6_AGAC,SGM124
FG2-7_AGAC,SGM125
FG2-8_AGAC,SGM126
FG2-1_ACCA,SGM128
FG2-2_ACCA,SGM129
FG2-3_ACCA,SGM130
FG2-4_ACCA,SGM131
FG2-5_ACCA,SGM132
FG2-6_ACCA,SGM133
FG2-7_ACCA,SGM134
FG2-8_ACCA,SGM135
FG2-1_AGTG,SGM136
FG2-2_AGTG,SGM138
FG2-3_AGTG,SGM139
FG2-4_AGTG,SGM140
FG2-5_AGTG,SGM141
FG2-6_AGTG,SGM142
FG2-7_AGTG,SGM143
FG2-8_AGTG,SGM144
FG2-1_CATC,SGM145
FG2-2_CATC,SGM146
FG2-3_CATC,SGM148
FG2-4_CATC,SGM149
FG2-5_CATC,SGM150
FG2-6_CATC,SGM151
FG2-7_CATC,SGM152
FG2-8_CATC,SGM153
FG2-1_GTGA,SGM154
FG2-2_GTGA,SGM155
FG2-3_GTGA,SGM156
FG2-4_GTGA,SGM158
FG2-5_GTGA,SGM159
FG2-6_GTGA,SGM160
FG2-7_GTGA,SGM161
FG2-8_GTGA,SGM162
FG2-1_TCAG,SGM163
FG2-2_TCAG,SGM164
FG2-3_TCAG,SGM165
FG2-4_TCAG,SGM166
FG2-5_TCAG,SGM167
FG2-6_TCAG,SGM168
FG2-7_TCAG,SGM169
FG2-8_TCAG,SGM170
FG2-1_GCTT,SGM171
FG2-2_GCTT,SGM172
FG2-3_GCTT,SGM173
FG2-4_GCTT,SGM174
FG2-5_GCTT,SGM175
FG2-6_GCTT,SGM176
FG2-7_GCTT,SGM177
FG2-8_GCTT,SGM178
FG2-1_CTAC,SGM179
FG2-2_CTAC,SGM180
FG2-3_CTAC,SGM181
FG2-4_CTAC,SGM182
FG2-5_CTAC,SGM183
FG2-6_CTAC,SGM184
FG2-7_CTAC,SGM186
FG2-8_CTAC,SGM187
FG2-1_TGTC,SGM189
FG2-2_TGTC,SGM190
FG2-3_TGTC,SGM192
FG2-4_TGTC,SGM193
FG2-5_TGTC,SGM194
FG2-6_TGTC,SGM195
FG2-7_TGTC,SGM197
FG2-8_TGTC,SGM199
FG2-1_TCAC,SGM200
FG2-2_TCAC,SGM201
FG2-3_TCAC,SGM203
FG2-4_TCAC,SGM204
FG2-5_TCAC,SGM030.2
FG2-6_TCAC,SGM030.3
FG2-7_TCAC,SGM050.2
FG2-8_TCAC,SGM050.3
FG2-1_GACT,SGM170.2
FG2-2_GACT,SGM170.3
FG2-3_GACT,XGM001
FG2-4_GACT,XGM002
FG2-5_GACT,XGM003
FG2-6_GACT,XGM005
FG2-7_GACT,XGM006
FG2-8_GACT,XGM007
FG3-1_GTGT,XGM008
FG3-2_GTGT,XGM009
FG3-3_GTGT,XGM010
FG3-4_GTGT,XGM011
FG3-5_GTGT,XGM014
FG3-1_AGAC,XGM015
FG3-2_AGAC,XGM016
FG3-3_AGAC,XGM017
FG3-4_AGAC,XGM018
FG3-5_AGAC,XGM019
FG3-1_ACCA,XGM020
FG3-2_ACCA,XGM021
FG3-3_ACCA,XGM022
FG3-4_ACCA,XGM023
FG3-5_ACCA,XGM024
FG3-1_AGTG,XGM025
FG3-2_AGTG,XGM026
FG3-3_AGTG,XGM027
FG3-4_AGTG,XGM028
FG3-5_AGTG,XGM029
FG3-1_CATC,XGM030
FG3-2_CATC,XGM031
FG3-3_CATC,XGM032
FG3-4_CATC,XGM033
FG3-5_CATC,XGM034
FG3-1_GTGA,XGM035
FG3-2_GTGA,XGM036
FG3-3_GTGA,XGM037
FG3-4_GTGA,XGM038
FG3-5_GTGA,XGM039
FG3-1_TCAG,XGM040
FG3-2_TCAG,XGM041
FG3-3_TCAG,XGM043
FG3-4_TCAG,XGM044
FG3-5_TCAG,XGM045
FG3-1_GCTT,XGM046
FG3-2_GCTT,XGM047
FG3-3_GCTT,XGM048
FG3-4_GCTT,XGM050
FG3-5_GCTT,XGM051
FG3-1_CTAC,XGM052
FG3-2_CTAC,XGM053
FG3-3_CTAC,XGM055
FG3-4_CTAC,XGM056
FG3-5_CTAC,XGM057
FG3-1_TGTC,XGM058
FG3-2_TGTC,XGM059
FG3-3_TGTC,XGM060
FG3-4_TGTC,XGM061
FG3-5_TGTC,XGM062
FG3-1_TCAC,XGM063
FG3-2_TCAC,XGM064
FG3-3_TCAC,XGM065
FG3-4_TCAC,XGM067
FG3-5_TCAC,XGM068
FG3-1_GACT,XGM069
FG3-2_GACT,XGM070
FG3-3_GACT,XGM071
FG3-4_GACT,XGM072
FG3-5_GACT,XGM073
FG4-1_GTGT,XGM074
FG4-2_GTGT,XGM075
FG4-3_GTGT,XGM076
FG4-4_GTGT,XGM077
FG4-5_GTGT,XGM078
FG4-6_GTGT,XGM079
FG4-7_GTGT,XGM080
FG4-8_GTGT,XGM082
FG4-1_AGAC,XGM083
FG4-2_AGAC,XGM084
FG4-3_AGAC,XGM085
FG4-4_AGAC,XGM086
FG4-5_AGAC,XGM087
FG4-6_AGAC,XGM088
FG4-7_AGAC,XGM089
FG4-8_AGAC,XGM090
FG4-1_ACCA,XGM091
FG4-2_ACCA,XGM092
FG4-3_ACCA,XGM093
FG4-4_ACCA,XGM094
FG4-5_ACCA,XGM095
FG4-6_ACCA,XGM096
FG4-7_ACCA,XGM097
FG4-8_ACCA,XGM098
FG4-1_AGTG,XGM099
FG4-2_AGTG,XGM100
FG4-3_AGTG,XGM101
FG4-4_AGTG,XGM102
FG4-5_AGTG,XGM103
FG4-6_AGTG,XGM104
FG4-7_AGTG,XGM105
FG4-8_AGTG,XGM106
FG4-1_CATC,XGM107
FG4-2_CATC,XGM109
FG4-3_CATC,XGM110
FG4-4_CATC,XGM111
FG4-5_CATC,XGM112
FG4-6_CATC,XGM113
FG4-7_CATC,XGM114
FG4-8_CATC,XGM115
FG4-1_GTGA,XGM116
FG4-2_GTGA,XGM117
FG4-3_GTGA,XGM118
FG4-4_GTGA,XGM119
FG4-5_GTGA,XGM120
FG4-6_GTGA,XGM122
FG4-7_GTGA,XGM123
FG4-8_GTGA,XGM124
FG4-1_TCAG,XGM125
FG4-2_TCAG,XGM127
FG4-3_TCAG,XGM128
FG4-4_TCAG,XGM129
FG4-5_TCAG,XGM131
FG4-6_TCAG,XGM132
FG4-7_TCAG,XGM133
FG4-8_TCAG,XGM134
FG4-1_GCTT,XGM135
FG4-2_GCTT,XGM136
FG4-3_GCTT,XGM139
FG4-4_GCTT,XGM140
FG4-5_GCTT,XGM141
FG4-6_GCTT,XGM142
FG4-7_GCTT,XGM143
FG4-8_GCTT,XGM144
FG4-1_CTAC,XGM145
FG4-2_CTAC,XGM146
FG4-3_CTAC,XGM147
FG4-4_CTAC,XGM148
FG4-5_CTAC,XGM150
FG4-6_CTAC,XGM151
FG4-7_CTAC,XGM152
FG4-8_CTAC,XGM153
FG4-1_TGTC,XGM156
FG4-2_TGTC,XGM157
FG4-3_TGTC,XGM158
FG4-4_TGTC,XGM159
FG4-5_TGTC,XGM160
FG4-6_TGTC,XGM161
FG4-7_TGTC,XGM162
FG4-8_TGTC,XGM164
FG4-1_TCAC,XGM168
FG4-2_TCAC,XGM169
FG4-3_TCAC,XGM170
FG4-4_TCAC,XGM171
FG4-5_TCAC,XGM172
FG4-6_TCAC,XGM173
FG4-7_TCAC,XGM174
FG4-8_TCAC,XGM175
FG4-1_GACT,XGM179
FG4-2_GACT,XGM181
FG4-3_GACT,XGM182
FG4-4_GACT,XGM183
FG4-5_GACT,XGM184
FG4-6_GACT,XGM185
FG4-7_GACT,XGM186
FG4-8_GACT,XGM187
FG5-1_GTGT,XGM188
FG5-2_GTGT,XGM189
FG5-3_GTGT,XGM190
FG5-4_GTGT,XGM191
FG5-5_GTGT,XGM192
FG5-6_GTGT,XGM193
FG5-7_GTGT,XGM194
FG5-8_GTGT,XGM195
FG5-1_AGAC,XGM196
FG5-2_AGAC,XGM197
FG5-3_AGAC,XGM198
FG5-4_AGAC,XGM199
FG5-5_AGAC,XGM200
FG5-6_AGAC,XGM202
FG5-7_AGAC,XGM037.2
FG5-8_AGAC,XGM037.3
FG5-1_ACCA,XGM079.2
FG5-2_ACCA,XGM079.3
FG5-3_ACCA,XGM183.2
FG5-4_ACCA,XGM183.3
FG5-5_ACCA,OGM001
FG5-6_ACCA,OGM002
FG5-7_ACCA,OGM003
FG5-8_ACCA,OGM004
FG5-1_AGTG,OGM005
FG5-2_AGTG,OGM006
FG5-3_AGTG,OGM007
FG5-4_AGTG,OGM008
FG5-5_AGTG,OGM009
FG5-6_AGTG,OGM010
FG5-7_AGTG,OGM011
FG5-8_AGTG,OGM012
FG5-1_CATC,OGM013
FG5-2_CATC,OGM014
FG5-3_CATC,OGM015
FG5-4_CATC,OGM016
FG5-5_CATC,OGM017
FG5-6_CATC,OGM018
FG5-7_CATC,OGM019
FG5-8_CATC,OGM020
FG5-1_GTGA,OGM021
FG5-2_GTGA,OGM022
FG5-3_GTGA,OGM023
FG5-4_GTGA,OGM024
FG5-5_GTGA,OGM025
FG5-6_GTGA,OGM026
FG5-7_GTGA,OGM027
FG5-8_GTGA,OGM029
FG5-1_TCAG,OGM030
FG5-2_TCAG,OGM031
FG5-3_TCAG,OGM032
FG5-4_TCAG,OGM033
FG5-5_TCAG,OGM034
FG5-6_TCAG,OGM036
FG5-7_TCAG,OGM037
FG5-8_TCAG,OGM040
FG5-1_GCTT,OGM041
FG5-2_GCTT,OGM043
FG5-3_GCTT,OGM044
FG5-4_GCTT,OGM045
FG5-5_GCTT,OGM046
FG5-6_GCTT,OGM047
FG5-7_GCTT,OGM048
FG5-8_GCTT,OGM049
FG5-1_CTAC,OGM050
FG5-2_CTAC,OGM051
FG5-3_CTAC,OGM052
FG5-4_CTAC,OGM053
FG5-5_CTAC,OGM054
FG5-6_CTAC,OGM055
FG5-7_CTAC,OGM056
FG5-8_CTAC,OGM057
FG5-1_TGTC,OGM058
FG5-2_TGTC,OGM059
FG5-3_TGTC,OGM060
FG5-4_TGTC,OGM061
FG5-5_TGTC,OGM062
FG5-6_TGTC,OGM064
FG5-7_TGTC,OGM065
FG5-8_TGTC,OGM066
FG5-1_TCAC,OGM067
FG5-2_TCAC,OGM068
FG5-3_TCAC,OGM069
FG5-4_TCAC,OGM071
FG5-5_TCAC,OGM072
FG5-6_TCAC,OGM073
FG5-7_TCAC,OGM074
FG5-8_TCAC,OGM075
FG5-1_GACT,OGM076
FG5-2_GACT,OGM077
FG5-3_GACT,OGM078
FG5-4_GACT,OGM079
FG5-5_GACT,OGM080
FG5-6_GACT,OGM081
FG5-7_GACT,OGM082
FG5-8_GACT,OGM083
FG6-1_GTGT,OGM084
FG6-2_GTGT,OGM085
FG6-3_GTGT,OGM087
FG6-4_GTGT,OGM088
FG6-5_GTGT,OGM089
FG6-6_GTGT,OGM090
FG6-1_AGAC,OGM091
FG6-2_AGAC,OGM093
FG6-3_AGAC,OGM094
FG6-4_AGAC,OGM095
FG6-5_AGAC,OGM096
FG6-6_AGAC,OGM097
FG6-1_ACCA,OGM098
FG6-2_ACCA,OGM099
FG6-3_ACCA,OGM100
FG6-4_ACCA,OGM101
FG6-5_ACCA,OGM102
FG6-6_ACCA,OGM103
FG6-1_AGTG,OGM104
FG6-2_AGTG,OGM105
FG6-3_AGTG,OGM106
FG6-4_AGTG,OGM107
FG6-5_AGTG,OGM108
FG6-6_AGTG,OGM110
FG6-1_CATC,OGM111
FG6-2_CATC,OGM113
FG6-3_CATC,OGM114
FG6-4_CATC,OGM115
FG6-5_CATC,OGM116
FG6-6_CATC,OGM118
FG6-1_GTGA,OGM119
FG6-2_GTGA,OGM120
FG6-3_GTGA,OGM121
FG6-4_GTGA,OGM122
FG6-5_GTGA,OGM123
FG6-1_TCAG,OGM124
FG6-2_TCAG,OGM125
FG6-3_TCAG,OGM126
FG6-4_TCAG,OGM127
FG6-5_TCAG,OGM128
FG6-1_GCTT,OGM129
FG6-2_GCTT,OGM130
FG6-3_GCTT,OGM131
FG6-4_GCTT,OGM132
FG6-5_GCTT,OGM133
FG6-1_CTAC,OGM134
FG6-2_CTAC,OGM135
FG6-3_CTAC,OGM136
FG6-4_CTAC,OGM137
FG6-5_CTAC,OGM138
FG6-1_TGTC,OGM139
FG6-2_TGTC,OGM140
FG6-3_TGTC,OGM141
FG6-4_TGTC,OGM142
FG6-5_TGTC,OGM143
FG6-1_TCAC,OGM144
FG6-2_TCAC,OGM145
FG6-3_TCAC,OGM146
FG6-4_TCAC,OGM147
FG6-5_TCAC,OGM024.2
FG6-1_GACT,OGM024.3
FG6-2_GACT,OGM073.2
FG6-3_GACT,OGM073.3
FG6-4_GACT,OGM120.2
FG6-5_GACT,OGM120.3